{
   "checkerboard": [
      {
         "mtx1": [
            [
               -17128.18759580409,
               -0.0,
               631.7240564389283
            ],
            [
               0.0,
               -13623.470268100988,
               408.4061865406018
            ],
            [
               0.0,
               0.0,
               1.0
            ]
         ],
         "dist1": [
            [
               42.127764438952
            ],
            [
               -15649.38769354724
            ],
            [
               9588470.306250699
            ],
            [
               -1069347372.9496717
            ]
         ],
         "mtx2": [
            [
               1147.0279321355567,
               0.0,
               652.5268735204457
            ],
            [
               0.0,
               1149.366948138077,
               412.2098448497876
            ],
            [
               0.0,
               0.0,
               1.0
            ]
         ],
         "dist2": [
            [
               -0.47232781654533984,
               -0.168810714709961,
               0.02606485303867365,
               -0.012464771958492637,
               1.7877475420492845
            ]
         ],
         "size": [
            7,
            4
         ],
         "location": [
            181.95,
            -0.5,
            0.0
         ]
      }
   ],
   "tags": [
      {
         "corner0": [
            181.95,
            -5.5,
            0.0
         ],
         "corner1": [
            176.95,
            -5.5,
            0.0
         ],
         "corner2": [
            176.95,
            -0.5,
            0.0
         ],
         "corner3": [
            181.95,
            -0.5,
            0.0
         ],
         "size": 9
      }
   ],
   "probe_offset": [
      [
         32
      ],
      [
         2.6
      ],
      [
         1193.4764289208347
      ]
   ]
}