{
   "checkerboard": [
      {
         "mtx1": [
            [
               -210308.5030857206,
               -0.0,
               640.2687619689135
            ],
            [
               0.0,
               -209397.16609194185,
               455.5813482952987
            ],
            [
               0.0,
               0.0,
               1.0
            ]
         ],
         "dist1": [
            [
               264.6577526146544
            ],
            [
               -308.18727532881996
            ],
            [
               924.3539918236633
            ],
            [
               -1854.9609185830236
            ]
         ],
         "mtx2": [
            [
               2540.5848394968107,
               0.0,
               645.6399848556381
            ],
            [
               0.0,
               2543.7473381454297,
               460.7846343636565
            ],
            [
               0.0,
               0.0,
               1.0
            ]
         ],
         "dist2": [
            [
               -2.8400841636175955,
               10.24691813233286,
               0.014888471197388663,
               -0.006868645965327142,
               -2.6221047655267116
            ]
         ],
         "size": [
            9,
            6
         ],
         "location": [
            180.4,
            -3.0,
            15.0
         ]
      }
   ],
   "tags": [
      {
         "corner0": [
            180.4,
            -3.0,
            15.0
         ],
         "corner1": [
            170.4,
            -3.0,
            15.0
         ],
         "corner2": [
            170.4,
            7.0,
            15.0
         ],
         "corner3": [
            180.4,
            7.0,
            15.0
         ]
      }
   ],
   "probe_offset": [
      [
         -176.35423233927622,
         7.272654226603105,
         6.471781004399377
      ],
      [
         -180.53454062936933,
         3.0923459365100032,
         2.2914727143062747
      ],
      [
         8669.45038147487,
         8853.077268040748,
         8852.276394818544
      ]
   ]
}