{
   "unwarping": [
      {
         "mtx1": [
            [
               1762.637549762987,
               0.0,
               597.2560434447307
            ],
            [
               0.0,
               1773.3164077998742,
               460.79501324960563
            ],
            [
               0.0,
               0.0,
               1.0
            ]
         ],
         "dist1": [
            [
               -1.111000187130429
            ],
            [
               3.5834774563073992
            ],
            [
               -28.34295624082917
            ],
            [
               95.32558532830859
            ]
         ],
         "mtx2": [
            [
               3962.668544114201,
               0.0,
               821.3783726266398
            ],
            [
               0.0,
               4051.2851171296816,
               459.30708928329125
            ],
            [
               0.0,
               0.0,
               1.0
            ]
         ],
         "dist2": [
            [
               0.7751294097173097,
               -26.70380389019944,
               0.0035979914803371004,
               0.02340034091671653,
               383.152183858912
            ]
         ],
         "loc": [
            191.0,
            -3.7,
            5.0
         ],
         "height": 5.0
      }
   ],
   "offset_X": -30.562827351934146,
   "offset_Y": -1.970526012423723
}