{
   "unwarping": [
      {
         "mtx1": [
            [
               2096.8972671156703,
               0.0,
               600.774320919082
            ],
            [
               0.0,
               2109.942628111746,
               470.2949970783664
            ],
            [
               0.0,
               0.0,
               1.0
            ]
         ],
         "dist1": [
            [
               -1.845767541237225
            ],
            [
               11.945118725858592
            ],
            [
               -139.10019847095805
            ],
            [
               705.9733731498069
            ]
         ],
         "mtx2": [
            [
               2720.759854199502,
               0.0,
               581.4002964489638
            ],
            [
               0.0,
               2758.522403275081,
               634.887568529879
            ],
            [
               0.0,
               0.0,
               1.0
            ]
         ],
         "dist2": [
            [
               0.08213076129092915,
               -4.406866538819063,
               -0.0010917232479314232,
               0.011356772562585521,
               48.65235600837571
            ]
         ],
         "loc": [
            168.2,
            6.08,
            -5.0
         ],
         "height": -5.0
      }
   ],
   "offset_X": -30.020608408548675,
   "offset_Y": 4.80463409753427
}