{
   "unwarping": [
      {
         "mtx1": [
            [
               13535.672285706003,
               0.0,
               595.7721172892307
            ],
            [
               0.0,
               13967.234796008017,
               475.45630596835883
            ],
            [
               0.0,
               0.0,
               1.0
            ]
         ],
         "dist1": [
            [
               -69.26214973043604
            ],
            [
               3268.0560139683284
            ],
            [
               630911.0457210706
            ],
            [
               -47433649.3010208
            ]
         ],
         "mtx2": [
            [
               17825.677612303083,
               0.0,
               702.3630195089822
            ],
            [
               0.0,
               17855.297493534123,
               366.2878886955495
            ],
            [
               0.0,
               0.0,
               1.0
            ]
         ],
         "dist2": [
            [
               10.003758767160582,
               -14447.32343821552,
               0.09004621890269829,
               0.05189755380450167,
               -22.533640869303888
            ]
         ],
         "loc": [
            180.4,
            -3.0,
            -5.0
         ],
         "height": -5.0
      }
   ],
   "offset_X": -29.137740165928154,
   "offset_Y": 0.49551104224747866
}