{
   "unwarping": [
      {
         "mtx1": [
            [
               2836.9380655012183,
               0.0,
               616.3713406621908
            ],
            [
               0.0,
               2845.2724284065653,
               475.9096601767506
            ],
            [
               0.0,
               0.0,
               1.0
            ]
         ],
         "dist1": [
            [
               -2.7451657719695426
            ],
            [
               -5.670328343516443
            ],
            [
               256.17450926195903
            ],
            [
               -1420.9722264720308
            ]
         ],
         "mtx2": [
            [
               2862.698621550573,
               0.0,
               681.3136402274445
            ],
            [
               0.0,
               2874.462712108159,
               477.5711828377428
            ],
            [
               0.0,
               0.0,
               1.0
            ]
         ],
         "dist2": [
            [
               -0.5392599660394667,
               27.31143078284597,
               -0.000855648201165123,
               -0.003927608659728355,
               -392.4211138418486
            ]
         ],
         "loc": [
            180.0,
            -11.7,
            10.0
         ],
         "height": 10.0
      }
   ],
   "offset_X": -24.429004905269878,
   "offset_Y": 2.531764367052533
}