{
   "unwarping": [
      {
         "mtx1": [
            [
               1837.6869699828162,
               0.0,
               608.6673468475982
            ],
            [
               0.0,
               1848.704113273159,
               469.24805996143107
            ],
            [
               0.0,
               0.0,
               1.0
            ]
         ],
         "dist1": [
            [
               -1.1595305609119995
            ],
            [
               2.9794891228360236
            ],
            [
               -26.19715469214482
            ],
            [
               128.03484949370517
            ]
         ],
         "mtx2": [
            [
               1915.8367865116088,
               0.0,
               642.9979108751514
            ],
            [
               0.0,
               1945.9080415316548,
               304.4478607529259
            ],
            [
               0.0,
               0.0,
               1.0
            ]
         ],
         "dist2": [
            [
               0.36795078773438245,
               -8.241693332312135,
               -0.00034325071188305524,
               -0.0013514992921151727,
               53.73234383219815
            ]
         ],
         "loc": [
            185.0,
            -4.7,
            0.0
         ],
         "height": 0.0
      }
   ],
   "offset_X": -31.533032002255766,
   "offset_Y": -1.323510567236619
}