{
   "unwarping": [
      {
         "mtx1": [
            [
               748.3343076905267,
               0.0,
               608.153760344908
            ],
            [
               0.0,
               750.3757983620238,
               467.232763169937
            ],
            [
               0.0,
               0.0,
               1.0
            ]
         ],
         "dist1": [
            [
               0.11021371603213825
            ],
            [
               -0.06603111913055454
            ],
            [
               0.0
            ],
            [
               0.0
            ]
         ],
         "mtx2": [
            [
               1918.7966080655276,
               0.0,
               687.521730216733
            ],
            [
               0.0,
               1927.4453491327772,
               431.3922248260459
            ],
            [
               0.0,
               0.0,
               1.0
            ]
         ],
         "dist2": [
            [
               -0.03531195421253178,
               -1.7062398833064267,
               0.002131236640866917,
               0.005009729135990979,
               33.138867932324004
            ]
         ],
         "loc": [
            175.4,
            -1.0,
            -5.0
         ],
         "height": -5.0
      }
   ],
   "offset_X": -32.275215405674,
   "offset_Y": 4.825927087726166
}