{
   "unwarping": [
      {
         "mtx1": [
            [
               209.91020911190375,
               0.0,
               606.7326668746639
            ],
            [
               0.0,
               209.83197836373012,
               473.4936513687075
            ],
            [
               0.0,
               0.0,
               1.0
            ]
         ],
         "dist1": [
            [
               0.3168293614984419
            ],
            [
               0.13618570647737996
            ],
            [
               -0.006731615518259897
            ],
            [
               0.04600902422672297
            ]
         ],
         "mtx2": [
            [
               1556.2836140475267,
               0.0,
               612.1298741444809
            ],
            [
               0.0,
               1542.3124988020234,
               272.4795368408177
            ],
            [
               0.0,
               0.0,
               1.0
            ]
         ],
         "dist2": [
            [
               0.027222808498037633,
               -0.06398549468223107,
               0.0009079393561144863,
               0.0004567905337380626,
               -0.5401596972320133
            ]
         ],
         "loc": [
            183.0,
            -15.0,
            0.0
         ],
         "height": 0.0
      }
   ],
   "offset_X": -31.804100442333123,
   "offset_Y": 4.9928370955910015
}