{
   "unwarping": [
      {
         "mtx1": [
            [
               950.7309135389302,
               0.0,
               621.3704304643998
            ],
            [
               0.0,
               953.3335237206094,
               477.06869461887453
            ],
            [
               0.0,
               0.0,
               1.0
            ]
         ],
         "dist1": [
            [
               -0.053856437794507266
            ],
            [
               -0.1676293000953332
            ],
            [
               0.7301475783148507
            ],
            [
               -1.1378947820608019
            ]
         ],
         "mtx2": [
            [
               1959.4614683019295,
               0.0,
               589.3280277321951
            ],
            [
               0.0,
               1949.332124346833,
               264.7609082968865
            ],
            [
               0.0,
               0.0,
               1.0
            ]
         ],
         "dist2": [
            [
               0.15827256868763506,
               -3.2586444878811545,
               -0.0025675068764804275,
               -0.00390868551043942,
               18.86152948634624
            ]
         ],
         "loc": [
            181.0,
            -21.0,
            0.0
         ],
         "height": 0.0
      }
   ],
   "offset_X": -33.22413930922267,
   "offset_Y": 4.877386103933882
}