{
   "unwarping": [
      {
         "mtx1": [
            [
               1582.3584660836982,
               0.0,
               612.0365485720747
            ],
            [
               0.0,
               1589.2116885506261,
               473.864204305085
            ],
            [
               0.0,
               0.0,
               1.0
            ]
         ],
         "dist1": [
            [
               -0.7299678056564123
            ],
            [
               -0.22316899338001944
            ],
            [
               5.3950393893957145
            ],
            [
               -3.9659131707197366
            ]
         ],
         "mtx2": [
            [
               623.7254528746946,
               0.0,
               561.1496024607565
            ],
            [
               0.0,
               625.3499580791043,
               458.0381047305446
            ],
            [
               0.0,
               0.0,
               1.0
            ]
         ],
         "dist2": [
            [
               0.010835762896356335,
               -0.010288140535092052,
               -0.0007858552449218668,
               -0.0016645601739010561,
               0.002742837151232615
            ]
         ],
         "loc": [
            180.5,
            -6.7,
            0.0
         ],
         "height": 0.0
      }
   ],
   "offset_X": -31.82809262607436,
   "offset_Y": -1.3236996465245838
}