{
   "unwarping": [
      {
         "mtx1": [
            [
               184.10347960676816,
               0.0,
               611.7798855387645
            ],
            [
               0.0,
               184.34425835827358,
               464.4286620315399
            ],
            [
               0.0,
               0.0,
               1.0
            ]
         ],
         "dist1": [
            [
               0.2582900548575099
            ],
            [
               0.2765774895438681
            ],
            [
               -0.13226530083391108
            ],
            [
               0.09210887725686698
            ]
         ],
         "mtx2": [
            [
               347.2094571850202,
               0.0,
               667.1609437168576
            ],
            [
               0.0,
               351.2263021785257,
               286.0146029399415
            ],
            [
               0.0,
               0.0,
               1.0
            ]
         ],
         "dist2": [
            [
               0.010262567589229053,
               -0.008023140496088346,
               0.00015087737318785082,
               -0.00015856615568584137,
               0.0016862640947714264
            ]
         ],
         "loc": [
            178.0,
            -4.2,
            0.0
         ],
         "height": 0.0
      }
   ],
   "offset_X": -31.89256253401785,
   "offset_Y": -1.3336647554522731
}