{
   "unwarping": [
      {
         "mtx1": [
            [
               4468.426361634196,
               0.0,
               590.0766608777994
            ],
            [
               0.0,
               4533.1071754907725,
               469.01083975041405
            ],
            [
               0.0,
               0.0,
               1.0
            ]
         ],
         "dist1": [
            [
               -8.828625542415818
            ],
            [
               216.2373196323857
            ],
            [
               -9084.596043277672
            ],
            [
               179024.00255714456
            ]
         ],
         "mtx2": [
            [
               2047.1474849815947,
               0.0,
               612.7164138195284
            ],
            [
               0.0,
               2061.93704192137,
               540.0585156785673
            ],
            [
               0.0,
               0.0,
               1.0
            ]
         ],
         "dist2": [
            [
               -0.08132243788034571,
               0.7658479531490034,
               -0.002374974078712984,
               0.01229946454346065,
               -1.9168033785019334
            ]
         ],
         "loc": [
            182.0,
            -18.0,
            0.0
         ],
         "height": 0.0
      }
   ],
   "offset_X": -29.096880928717823,
   "offset_Y": 1.3982488278935192
}