{
   "unwarping": [
      {
         "mtx1": [
            [
               222.73186187384204,
               0.0,
               615.8357131473331
            ],
            [
               0.0,
               223.41476976347698,
               462.39981898909303
            ],
            [
               0.0,
               0.0,
               1.0
            ]
         ],
         "dist1": [
            [
               0.26318910475972845
            ],
            [
               0.2520924029521123
            ],
            [
               -0.11065875094142939
            ],
            [
               0.07545754637429526
            ]
         ],
         "mtx2": [
            [
               1396.678086493013,
               0.0,
               664.9219907510663
            ],
            [
               0.0,
               1400.6719486948678,
               398.2752909692776
            ],
            [
               0.0,
               0.0,
               1.0
            ]
         ],
         "dist2": [
            [
               0.16238570923212903,
               -1.7655081301105329,
               0.004224033653408103,
               -0.0144208894855978,
               5.93869917160598
            ]
         ],
         "loc": [
            174.0,
            -4.5,
            5.0
         ],
         "height": 5.0
      }
   ],
   "offset_X": -32.16418517894127,
   "offset_Y": 4.73627523262866
}