{
   "unwarping": [
      {
         "mtx1": [
            [
               2287.4192215062067,
               0.0,
               586.9319651456818
            ],
            [
               0.0,
               2306.0708746601,
               472.3485876717095
            ],
            [
               0.0,
               0.0,
               1.0
            ]
         ],
         "dist1": [
            [
               -2.6175522529919792
            ],
            [
               33.58006572585129
            ],
            [
               -408.1473721304463
            ],
            [
               1852.8600617412512
            ]
         ],
         "mtx2": [
            [
               990.1117621243875,
               0.0,
               618.0976374163627
            ],
            [
               0.0,
               990.933760355451,
               439.65945629086315
            ],
            [
               0.0,
               0.0,
               1.0
            ]
         ],
         "dist2": [
            [
               0.08465088254830418,
               -0.5775874812609578,
               -0.00033662495862431474,
               0.007385374216512582,
               0.8794170139456312
            ]
         ],
         "loc": [
            187.0,
            -20.0,
            0.0
         ],
         "height": 0.0
      }
   ],
   "offset_X": -29.875214919743172,
   "offset_Y": 4.565226224711298
}