{
   "unwarping": [
      {
         "mtx1": [
            [
               223.67717974268948,
               0.0,
               614.4280997771683
            ],
            [
               0.0,
               224.73291929253486,
               468.5376531631311
            ],
            [
               0.0,
               0.0,
               1.0
            ]
         ],
         "dist1": [
            [
               0.25602201127332663
            ],
            [
               0.27995059502748887
            ],
            [
               -0.1601422708363003
            ],
            [
               0.09913288742431088
            ]
         ],
         "mtx2": [
            [
               3843.675001790125,
               0.0,
               571.6235302407613
            ],
            [
               0.0,
               3864.078843049363,
               433.0303875580346
            ],
            [
               0.0,
               0.0,
               1.0
            ]
         ],
         "dist2": [
            [
               0.7154476010489965,
               -28.85474598986137,
               0.004051479090032929,
               -0.05176688198021935,
               197.95366376419764
            ]
         ],
         "loc": [
            184.5,
            -5.5,
            10.0
         ],
         "height": 10.0
      }
   ],
   "offset_X": -31.809336389030022,
   "offset_Y": 0.6671125001719727
}