{
   "unwarping": [
      {
         "mtx1": [
            [
               601.5000505208741,
               0.0,
               609.0257849926039
            ],
            [
               0.0,
               603.3676580147288,
               468.3623092191056
            ],
            [
               0.0,
               0.0,
               1.0
            ]
         ],
         "dist1": [
            [
               0.18095325287522654
            ],
            [
               -0.0041868485502217475
            ],
            [
               0.0
            ],
            [
               0.0
            ]
         ],
         "mtx2": [
            [
               1526.9093378865573,
               0.0,
               655.6392797215957
            ],
            [
               0.0,
               1533.6535554015456,
               487.04113692631086
            ],
            [
               0.0,
               0.0,
               1.0
            ]
         ],
         "dist2": [
            [
               -0.0011739527384573842,
               -1.0399540743398965,
               -0.00029723932140929895,
               -0.0017159897214438153,
               11.060049505492582
            ]
         ],
         "loc": [
            180.38,
            -3.0,
            0.0
         ],
         "height": 0.0
      }
   ],
   "offset_X": -31.377742516755283,
   "offset_Y": 5.033032953052235
}