{
   "unwarping": [
      {
         "mtx1": [
            [
               521.5204908226252,
               0.0,
               606.5939866990777
            ],
            [
               0.0,
               523.7093066034537,
               465.41602292977194
            ],
            [
               0.0,
               0.0,
               1.0
            ]
         ],
         "dist1": [
            [
               0.27571506075262175
            ],
            [
               -0.230042750010424
            ],
            [
               0.40158454749919
            ],
            [
               -0.19453975604592336
            ]
         ],
         "mtx2": [
            [
               1049.2209393790622,
               0.0,
               714.6207673514089
            ],
            [
               0.0,
               1055.014493814079,
               415.3220618819925
            ],
            [
               0.0,
               0.0,
               1.0
            ]
         ],
         "dist2": [
            [
               0.14644538360060758,
               -1.013714319438651,
               0.0025528686834366725,
               -0.004471982975056248,
               2.1759460081135176
            ]
         ],
         "loc": [
            174.5,
            -5.0,
            5.0
         ],
         "height": 5.0
      }
   ],
   "offset_X": -31.6937091243566,
   "offset_Y": 4.4806553453305895
}