{
   "unwarping": [
      {
         "mtx1": [
            [
               1775.2993158172042,
               0.0,
               606.3638432678047
            ],
            [
               0.0,
               1787.1368637767205,
               468.0338047471886
            ],
            [
               0.0,
               0.0,
               1.0
            ]
         ],
         "dist1": [
            [
               -1.190914255902742
            ],
            [
               4.501727696287487
            ],
            [
               -27.649377311989603
            ],
            [
               85.2313372464424
            ]
         ],
         "mtx2": [
            [
               1400.5239178721308,
               0.0,
               633.8939691344472
            ],
            [
               0.0,
               1418.62059728722,
               335.5366591452806
            ],
            [
               0.0,
               0.0,
               1.0
            ]
         ],
         "dist2": [
            [
               0.04012814695775008,
               -0.83644032185596,
               0.001712603226885579,
               0.0014916986527298902,
               3.9174000160697906
            ]
         ],
         "loc": [
            180.0,
            -3.7,
            5.0
         ],
         "height": 5.0
      }
   ],
   "offset_X": -31.13329356329021,
   "offset_Y": -2.0600825611693074
}