{
   "unwarping": [
      {
         "mtx1": [
            [
               587.4435454181731,
               0.0,
               609.9711983390662
            ],
            [
               0.0,
               588.9022175084727,
               468.3822540158795
            ],
            [
               0.0,
               0.0,
               1.0
            ]
         ],
         "dist1": [
            [
               0.18986778864066717
            ],
            [
               -0.0036720976173387236
            ],
            [
               0.0
            ],
            [
               0.0
            ]
         ],
         "mtx2": [
            [
               2251.1939680922223,
               0.0,
               654.4142054634882
            ],
            [
               0.0,
               2269.390381289315,
               459.94366029977544
            ],
            [
               0.0,
               0.0,
               1.0
            ]
         ],
         "dist2": [
            [
               0.1345208979339919,
               -6.590243054921978,
               -0.003566860858589772,
               6.012665733475167e-05,
               79.73719657565198
            ]
         ],
         "loc": [
            173.0,
            -4.5,
            -5.0
         ],
         "height": -5.0
      }
   ],
   "offset_X": -31.326245248713576,
   "offset_Y": -3.439906486745536
}