{
   "unwarping": [
      {
         "mtx1": [
            [
               444.95867800937134,
               0.0,
               642.0636363653296
            ],
            [
               0.0,
               445.8350846642539,
               429.22852574775845
            ],
            [
               0.0,
               0.0,
               1.0
            ]
         ],
         "dist1": [
            [
               0.24324373942244865
            ],
            [
               0.06404124752774663
            ],
            [
               0.0
            ],
            [
               0.0
            ]
         ],
         "mtx2": [
            [
               5553.689527081752,
               0.0,
               610.3750109250473
            ],
            [
               0.0,
               5567.627573752665,
               366.75775556139547
            ],
            [
               0.0,
               0.0,
               1.0
            ]
         ],
         "dist2": [
            [
               0.3394054108301199,
               -57.46052811645039,
               -0.004142018252949439,
               0.002608319225874631,
               -0.9767907013176924
            ]
         ],
         "loc": [
            44.0,
            158.0,
            55.0
         ],
         "height": 55.0
      }
   ],
   "offset_X": -62.35812633995023,
   "offset_Y": 11.97453925361246
}