{
   "checkerboard": [
      {
         "mtx1": [
            [
               -59942.74667766973,
               -0.0,
               636.4680244503245
            ],
            [
               0.0,
               -59660.17962840661,
               457.2200648205632
            ],
            [
               0.0,
               0.0,
               1.0
            ]
         ],
         "dist1": [
            [
               68.58545747353682
            ],
            [
               -32.05923240610472
            ],
            [
               28.550954671817827
            ],
            [
               -172.1882704822766
            ]
         ],
         "mtx2": [
            [
               1301.0384523892435,
               0.0,
               670.6849480500325
            ],
            [
               0.0,
               1297.2592741785372,
               413.7947280733736
            ],
            [
               0.0,
               0.0,
               1.0
            ]
         ],
         "dist2": [
            [
               -0.7450544796841808,
               0.484491626714738,
               0.02991902490739065,
               -0.016464894213313496,
               2.2031177516347977
            ]
         ],
         "size": [
            9,
            6
         ],
         "location": [
            180.4,
            -3.0,
            15.0
         ]
      }
   ],
   "tags": [
      {
         "corner0": [
            226.4,
            53.5,
            15.0
         ],
         "corner1": [
            208.4,
            54.5,
            15.0
         ],
         "corner2": [
            207.9,
            72.5,
            15.0
         ],
         "corner3": [
            226.4,
            72.0,
            15.0
         ]
      }
   ],
   "probe_offset": [
      [
         36.75922061884533
      ],
      [
         -4.222635597426498
      ],
      [
         6021.055403768353
      ]
   ]
}